0,Knowledge Discovery and Data Mining
1,SIAM International Conference on Data Mining
2,Pacific-Asia Conference on Knowledge Discovery and Data Mining
3,International Conference on Data Mining
4,Workshop on Knowledge Discovery and Data Mining
5,Conference on Information and Knowledge Management
6,Information and Knowledge Management
7,Web Search and Data Mining
8,Ph.D. Workshop on Information and Knowledge Management
9,Biological Knowledge Discovery and Data Mining
10,PAKDD Workshops
11,New Frontiers in Applied Data Mining: PAKDD 2011 International Workshops Revised Selected Papers
12,MultiClust@SDM
13,ICDM (Posters)
14,EDML@SDM
15,Technical report of IEICE. SDM
16,NAFEMS European Conference: Simulation Process and Data Management (SDM)
17,COST@SDM
18,DMM@ICDM
19,Smart Information and Knowledge Management
20,Flexible Approaches in Data; Information and Knowledge Management
